{
  "id": "foundryvtt-action-animations",
  "name": "foundryvtt-action-animations",
  "title": "FoundryVTT Action Animations",
  "description": "Enhances Foundry VTT with one-line action animations, DM/Player utilities, and integrations for Sequencer, JB2A, Weather Control, and Dice So Nice. Includes magical overlays, notifications, and evolving NPC moods.",
  "version": "1.0.0",
  "author": "GitHub Copilot and Dsgj",
  "license": "MIT",
  "compatibility": {
    "minimum": "13",
    "verified": "13.344"
  },
  "scripts": ["dist/main.js"],
  "styles": ["styles/style.css"],
  "templates": ["templates/effect.html"],
  "manifest": "https://github.com/Dsgj/foundryvtt-module/raw/refs/heads/main/module.json",
  "url": "https://github.com/Dsgj/foundryvtt-module",
  "download": "https://github.com/Dsgj/foundryvtt-module/releases/latest/download/foundryvtt-action-animations.zip",
  "dependencies": [
    { "name": "sequencer", "type": "module", "manifest": "https://github.com/fantasycalendar/Sequencer/releases/latest/download/module.json", "optional": true },
    { "name": "jb2a_patreon", "type": "module", "manifest": "https://github.com/Jules-Bens-Alex/jb2a_patreon/releases/latest/download/module.json", "optional": true },
    { "name": "weather-control", "type": "module", "manifest": "https://github.com/League-of-Foundry-Developers/fvtt-module-weather-control/releases/latest/download/module.json", "optional": true },
    { "name": "dice-so-nice", "type": "module", "manifest": "https://github.com/SephirothArt/Dice-So-Nice/releases/latest/download/module.json", "optional": true }
  ]
}